feature,mean_abs_shap
sub_mean_engagement,0.064275675
sub_viral_rate,0.017631304
num_crossposts,0.014398705
emb_0,0.004908206
emb_9,0.0023539728
emb_1,0.0018334812
emb_12,0.0016263513
emb_6,0.0016046473
title_readability,0.0013935154
hour,0.0013764527
ptype_image,0.0012895337
ptype_text,0.0012342989
emb_16,0.0012275772
ptype_link,0.001171313
emb_3,0.0010527186
emb_13,0.0010243922
emb_4,0.0010240253
day_of_week,0.00096343854
emb_10,0.00093281735
emb_41,0.0009050975
